{
  "version": "6.0.6",
  "channels": [
    {
      "channel_title": "Preg\u00e3o",
      "channel_name": "bidding",
      "channel_lang": "pt",
      "channel_url": "\u007bbase_url\u007d\/pregoes",
      "deft_status": "closed",
      "comment_system_enabled": "n",
      "search_results_url": "",
      "search_excerpt": "",
      "title_field_label": "Nome da licita\u00e7\u00e3o",
      "sticky_enabled": "n",
      "field_groups": [
        "bidding"
      ],
      "fields": [],
      "cat_groups": []
    },
    {
      "channel_title": "Servi\u00e7os",
      "channel_description": "Descri\u00e7\u00e3o de servi\u00e7os prestados pelas secretarias para alimentar a busca.",
      "channel_name": "service",
      "channel_lang": "pt",
      "channel_url": "\u007bbase_url\u007d\/servicos",
      "deft_status": "closed",
      "comment_system_enabled": "n",
      "search_results_url": "\u007bbase_url\u007d\/servicos",
      "search_excerpt": "4",
      "title_field_label": "Nome do servi\u00e7o",
      "sticky_enabled": "y",
      "statuses": [
        "destacada"
      ],
      "field_groups": [
        "service",
        "SEO"
      ],
      "fields": [],
      "cat_groups": [
        "Categorias de servi\u00e7os",
        "Aparecer na \u00e1rea p\u00fablica",
        "Perfil do cidad\u00e3o",
        "DialogFlow"
      ]
    },
    {
      "channel_title": "Configura\u00e7\u00f5es",
      "channel_description": "",
      "channel_name": "settings",
      "channel_lang": "pt",
      "default_entry_title": "Configura\u00e7\u00f5es",
      "url_title_prefix": "settings",
      "channel_url": "\u007bbase_url\u007d",
      "deft_status": "open",
      "comment_system_enabled": "n",
      "search_results_url": "",
      "search_excerpt": "",
      "title_field_label": "",
      "sticky_enabled": "n",
      "max_entries": 1,
      "field_groups": [
        "settings"
      ],
      "fields": [],
      "cat_groups": []
    }
  ],
  "field_groups": [],
  "statuses": [],
  "category_groups": [
    {
      "name": "Aparecer na \u00e1rea p\u00fablica",
      "sort_order": "c",
      "categories": [
        {
          "cat_name": "Programas na p\u00e1gina inicial",
          "cat_url_title": "home-special",
          "cat_description": "",
          "cat_order": 1
        },
        {
          "cat_name": "Servi\u00e7os na p\u00e1gina inicial",
          "cat_url_title": "home-services",
          "cat_description": "",
          "cat_order": 2
        }
      ]
    },
    {
      "name": "DialogFlow",
      "sort_order": "a",
      "categories": []
    },
    {
      "name": "Perfil do cidad\u00e3o",
      "sort_order": "c",
      "categories": [
        {
          "cat_name": "Cidad\u00e3o",
          "cat_url_title": "cidadaeo",
          "cat_description": "",
          "cat_order": 1
        },
        {
          "cat_name": "Turista",
          "cat_url_title": "turista",
          "cat_description": "",
          "cat_order": 4
        },
        {
          "cat_name": "Empreendedor",
          "cat_url_title": "empreendedor",
          "cat_description": "",
          "cat_order": 2
        }
      ]
    },
    {
      "name": "Categorias de servi\u00e7os",
      "sort_order": "c",
      "categories": [
        {
        "cat_name": "Programas",
        "cat_url_title": "programas",
        "cat_description": "",
        "cat_order": 2
      }]
    },
    {
      "name": "DialogFlow",
      "sort_order": "a",
      "categories": []
    }
  ],
  "upload_destinations": [
    {
      "name": "\u00cdcones"
    },
    {
      "name": "Imagens"
    },
    {
      "name": "Documentos"
    }
  ]
}
